Generation,Id,Score,Motor,Neutral,Amplitude,Angle
0,0,0.09120588260608033,0.03627919189480833,0.4215231313591562,0.1319245649961765,0.29391751460080123
0,1,0.11150168260068313,0.1246687432982379,0.4227548282590856,0.8955924187458981,0.34699737751520765
0,2,0.051949989965769515,0.31678272655848566,0.6294046822652362,0.7156102155179831,0.04562725015221325
0,3,0.16976370305575464,0.3004126322215634,0.4270490837093076,0.15964128879551243,0.6900459485277791
0,4,0.08443799630835902,0.6137906312402985,0.23990361361316048,0.007628955039658103,0.3626420809604425
