Generation,Id,Score,Motor,Attack
0,0,10415.835253774809,0.978048,0.3806964
0,1,10795.462586140811,0.978048,0.3806964
0,2,10931.409781944258,0.978048,0.3806964
0,3,10639.391904676762,0.978048,0.3806964
0,4,10828.553111023677,0.978048,0.3806964
