index,data
sensor_1,0.010720813336968421
sensor_2,-0.05634661395549774
sensor_3,0.010021390491724014
sensor_4,0.28031168189048766
sensor_5,0.2876656995296478
sensor_6,0.11253086202144623