index,data
sensor_1,-0.022262121831329588
sensor_2,-0.11131987653863736
sensor_3,0.09107177200703284
sensor_4,0.2448611564647693
sensor_5,0.04242527541011954
sensor_6,-0.156055706863602