index,data
sensor_1,-0.03687041632544536
sensor_2,-0.1109702057706622
sensor_3,0.012833866019112369
sensor_4,0.3057576485742361
sensor_5,0.13911391011415383
sensor_6,-0.26664935596860373