Generation,Id,Score,Motor,Attack
0,0,369.14578341925846,0.4724800293308658,0.13815225316134694
0,1,392.48284575546074,0.3787632496653438,0.4685702297206785
0,2,374.91298174660966,0.192380748390251,0.3191991161083332
